{"cameraMode":{"drawMode":0,"name":"Shaded","section":"Shading Mode"},"sceneLighting":false,"audioPlay":false,"sceneViewState":{"showFog":true,"showMaterialUpdate":false,"showSkybox":false,"showFlares":true,"showImageEffects":true,"showParticleSystems":true},"in2DMode":false,"pivot":{"x":-1.059999942779541,"y":-1.350000023841858,"z":2.059999942779541},"rotation":{"x":-0.15945959091186524,"y":-0.3020651638507843,"z":0.05132599547505379,"w":-0.9384541511535645},"size":0.2857881188392639,"orthographic":false}